timestamp_iso,elapsed_s,sample,condition,U1,I1,P1,S1,Q1,LAMBDA1,PHI1,U2,I2,P2,S2,Q2,LAMBDA2,PHI2,U3,I3,P3,S3,Q3,LAMBDA3,PHI3,FU3,USIGMA,ISIGMA,PSIGMA,SSIGMA,QSIGMA,LAMBDASIGMA,U4,I4,P4,status_flags
2026-08-17T10:21:03.277+02:00,0.002,1,144,0.0,0.0,0.0074119227938354015,0.0,0.0,INF,INF,0.0,0.0,0.005416503641754389,0.0,0.0,INF,INF,0.0,0.0,0.0072997622191905975,0.0,0.0,INF,INF,INF,0.0,0.0,0.01282842643558979,0.0,0.0,,8.221450843848288e-05,0.008134161122143269,2.8881537218694575e-05,LAMBDA1=OVERRANGE;PHI1=OVERRANGE;LAMBDA2=OVERRANGE;PHI2=OVERRANGE;LAMBDA3=OVERRANGE;PHI3=OVERRANGE;FU3=OVERRANGE;LAMBDASIGMA=NO_DATA
2026-08-17T10:21:04.276+02:00,1.001,2,144,0.0,0.0,0.0049909078516066074,0.0,0.0,INF,INF,0.0,0.0,0.005586612969636917,0.0,0.0,INF,INF,0.0,0.0,0.006873670034110546,0.0,0.0,INF,INF,INF,0.0,0.0,0.010577520355582237,0.0,0.0,,0.0001010540800052695,0.00812362041324377,1.8304335753782652e-05,LAMBDA1=OVERRANGE;PHI1=OVERRANGE;LAMBDA2=OVERRANGE;PHI2=OVERRANGE;LAMBDA3=OVERRANGE;PHI3=OVERRANGE;FU3=OVERRANGE;LAMBDASIGMA=NO_DATA
2026-08-17T10:21:05.281+02:00,2.000,3,144,0.0,0.0,0.007053679786622524,0.0,0.0,INF,INF,0.0,0.0,0.005130245815962553,0.0,0.0,INF,INF,0.0,0.0,0.007612997200340033,0.0,0.0,INF,INF,INF,0.0,0.0,0.01218392513692379,0.0,0.0,,7.414166611852124e-05,0.008370516821742058,1.1712759260262828e-05,LAMBDA1=OVERRANGE;PHI1=OVERRANGE;LAMBDA2=OVERRANGE;PHI2=OVERRANGE;LAMBDA3=OVERRANGE;PHI3=OVERRANGE;FU3=OVERRANGE;LAMBDASIGMA=NO_DATA
2026-08-17T10:21:06.275+02:00,3.001,4,144,0.0,0.0,0.005367189645767212,0.0,0.0,INF,INF,0.0,0.0,0.005110146943479776,0.0,0.0,INF,INF,0.0,0.0,0.007354034576565027,0.0,0.0,INF,INF,INF,0.0,0.0,0.010477336123585701,0.0,0.0,,5.499584221979603e-05,0.008260716684162617,2.3873742975411005e-05,LAMBDA1=OVERRANGE;PHI1=OVERRANGE;LAMBDA2=OVERRANGE;PHI2=OVERRANGE;LAMBDA3=OVERRANGE;PHI3=OVERRANGE;FU3=OVERRANGE;LAMBDASIGMA=NO_DATA
2026-08-17T10:21:07.275+02:00,4.001,5,144,0.0,0.0,0.0066626425832509995,0.0,0.0,INF,INF,0.0,0.0,0.00535981310531497,0.0,0.0,INF,INF,0.0,0.0,0.006321344990283251,0.0,0.0,INF,INF,INF,0.0,0.0,0.012022456154227257,0.0,0.0,,0.00010049746197182685,0.008318489417433739,3.2169074984267354e-05,LAMBDA1=OVERRANGE;PHI1=OVERRANGE;LAMBDA2=OVERRANGE;PHI2=OVERRANGE;LAMBDA3=OVERRANGE;PHI3=OVERRANGE;FU3=OVERRANGE;LAMBDASIGMA=NO_DATA
2026-08-17T10:21:08.281+02:00,5.001,6,144,0.0,0.0,0.005832800641655922,0.0,0.0,INF,INF,0.0,0.0,0.005613383371382952,0.0,0.0,INF,INF,0.0,0.0,0.007287164684385061,0.0,0.0,INF,INF,INF,0.0,0.0,0.011446183547377586,0.0,0.0,,9.221124491887167e-05,0.00770659139379859,1.5978686860762537e-05,LAMBDA1=OVERRANGE;PHI1=OVERRANGE;LAMBDA2=OVERRANGE;PHI2=OVERRANGE;LAMBDA3=OVERRANGE;PHI3=OVERRANGE;FU3=OVERRANGE;LAMBDASIGMA=NO_DATA
2026-08-17T10:21:09.275+02:00,6.000,7,144,0.0,0.0,0.006033837329596281,0.0,0.0,INF,INF,0.0,0.0,0.00542037095874548,0.0,0.0,INF,INF,0.0,0.0,0.008467257022857666,0.0,0.0,INF,INF,INF,0.0,0.0,0.011454207822680473,0.0,0.0,,8.658636215841398e-05,0.007951349951326847,1.9663109924294986e-05,LAMBDA1=OVERRANGE;PHI1=OVERRANGE;LAMBDA2=OVERRANGE;PHI2=OVERRANGE;LAMBDA3=OVERRANGE;PHI3=OVERRANGE;FU3=OVERRANGE;LAMBDASIGMA=NO_DATA
2026-08-17T10:21:10.275+02:00,7.000,8,144,0.0,0.0,0.0064646778628230095,0.0,0.0,INF,INF,0.0,0.0,0.005261299200356007,0.0,0.0,INF,INF,0.0,0.0,0.006970698479562998,0.0,0.0,INF,INF,INF,0.0,0.0,0.011725977063179016,0.0,0.0,,0.00010626869334373623,0.007651399355381727,3.196758189005777e-05,LAMBDA1=OVERRANGE;PHI1=OVERRANGE;LAMBDA2=OVERRANGE;PHI2=OVERRANGE;LAMBDA3=OVERRANGE;PHI3=OVERRANGE;FU3=OVERRANGE;LAMBDASIGMA=NO_DATA
2026-08-17T10:21:11.282+02:00,8.000,9,144,0.0,0.0,0.005512211471796036,0.0,0.0,INF,INF,0.0,0.0,0.005074546672403812,0.0,0.0,INF,INF,0.0,0.0,0.0062641482800245285,0.0,0.0,INF,INF,INF,0.0,0.0,0.010586758144199848,0.0,0.0,,9.476920968154445e-05,0.007628953084349632,1.512851486040745e-05,LAMBDA1=OVERRANGE;PHI1=OVERRANGE;LAMBDA2=OVERRANGE;PHI2=OVERRANGE;LAMBDA3=OVERRANGE;PHI3=OVERRANGE;FU3=OVERRANGE;LAMBDASIGMA=NO_DATA
2026-08-17T10:21:12.276+02:00,9.001,10,144,0.0,0.0,0.006914509925991297,0.0,0.0,INF,INF,0.0,0.0,0.005353602580726147,0.0,0.0,INF,INF,0.0,0.0,0.0077096037566661835,0.0,0.0,INF,INF,INF,0.0,0.0,0.01226811297237873,0.0,0.0,,7.987641583895311e-05,0.007800677325576544,1.9512581275193952e-05,LAMBDA1=OVERRANGE;PHI1=OVERRANGE;LAMBDA2=OVERRANGE;PHI2=OVERRANGE;LAMBDA3=OVERRANGE;PHI3=OVERRANGE;FU3=OVERRANGE;LAMBDASIGMA=NO_DATA
2026-08-17T10:21:13.276+02:00,10.000,11,144,0.0,0.0,0.005168972536921501,0.0,0.0,INF,INF,0.0,0.0,0.005764977540820837,0.0,0.0,INF,INF,0.0,0.0,0.00763893174007535,0.0,0.0,INF,INF,INF,0.0,0.0,0.010933950543403625,0.0,0.0,,6.250166916288435e-05,0.007685565855354071,2.8068854589946568e-05,LAMBDA1=OVERRANGE;PHI1=OVERRANGE;LAMBDA2=OVERRANGE;PHI2=OVERRANGE;LAMBDA3=OVERRANGE;PHI3=OVERRANGE;FU3=OVERRANGE;LAMBDASIGMA=NO_DATA
2026-08-17T10:21:14.281+02:00,11.000,12,144,0.0,0.0,0.007287171203643084,0.0,0.0,INF,INF,0.0,0.0,0.005317304749041796,0.0,0.0,INF,INF,0.0,0.0,0.006620356813073158,0.0,0.0,INF,INF,INF,0.0,0.0,0.01260447595268488,0.0,0.0,,0.00011241189349675551,0.008192031644284725,3.324948556837626e-05,LAMBDA1=OVERRANGE;PHI1=OVERRANGE;LAMBDA2=OVERRANGE;PHI2=OVERRANGE;LAMBDA3=OVERRANGE;PHI3=OVERRANGE;FU3=OVERRANGE;LAMBDASIGMA=NO_DATA
2026-08-17T10:21:15.276+02:00,12.001,13,144,0.0,0.0,0.004801213275641203,0.0,0.0,INF,INF,0.0,0.0,0.005300066899508238,0.0,0.0,INF,INF,0.0,0.0,0.007400571834295988,0.0,0.0,INF,INF,INF,0.0,0.0,0.01010128017514944,0.0,0.0,,9.270544251194224e-05,0.008453577756881714,1.5861929568927735e-05,LAMBDA1=OVERRANGE;PHI1=OVERRANGE;LAMBDA2=OVERRANGE;PHI2=OVERRANGE;LAMBDA3=OVERRANGE;PHI3=OVERRANGE;FU3=OVERRANGE;LAMBDASIGMA=NO_DATA
2026-08-17T10:21:16.275+02:00,13.000,14,144,0.0,0.0,0.007418365217745304,0.0,0.0,INF,INF,0.0,0.0,0.005117244552820921,0.0,0.0,INF,INF,0.0,0.0,0.007367327809333801,0.0,0.0,INF,INF,INF,0.0,0.0,0.012535609304904938,0.0,0.0,,7.205910515040159e-05,0.008634529076516628,3.088240555371158e-05,LAMBDA1=OVERRANGE;PHI1=OVERRANGE;LAMBDA2=OVERRANGE;PHI2=OVERRANGE;LAMBDA3=OVERRANGE;PHI3=OVERRANGE;FU3=OVERRANGE;LAMBDASIGMA=NO_DATA
2026-08-17T10:21:17.282+02:00,14.000,15,144,0.0,0.0,0.005064390134066343,0.0,0.0,INF,INF,0.0,0.0,0.005603499244898558,0.0,0.0,INF,INF,0.0,0.0,0.006482206284999847,0.0,0.0,INF,INF,INF,0.0,0.0,0.010667889378964901,0.0,0.0,,7.772317621856928e-05,0.008517262525856495,3.2667634513927624e-05,LAMBDA1=OVERRANGE;PHI1=OVERRANGE;LAMBDA2=OVERRANGE;PHI2=OVERRANGE;LAMBDA3=OVERRANGE;PHI3=OVERRANGE;FU3=OVERRANGE;LAMBDASIGMA=NO_DATA
2026-08-17T10:21:18.276+02:00,15.000,16,144,0.0,0.0,0.006806511431932449,0.0,0.0,INF,INF,0.0,0.0,0.005511720664799213,0.0,0.0,INF,INF,0.0,0.0,0.007428122218698263,0.0,0.0,INF,INF,INF,0.0,0.0,0.012318232096731663,0.0,0.0,,0.00010068937262985855,0.008640824817121029,2.5878933229250833e-05,LAMBDA1=OVERRANGE;PHI1=OVERRANGE;LAMBDA2=OVERRANGE;PHI2=OVERRANGE;LAMBDA3=OVERRANGE;PHI3=OVERRANGE;FU3=OVERRANGE;LAMBDASIGMA=NO_DATA
2026-08-17T10:21:19.276+02:00,16.000,17,144,0.0,0.0,0.0056571573950350285,0.0,0.0,INF,INF,0.0,0.0,0.005516774021089077,0.0,0.0,INF,INF,0.0,0.0,0.008368009701371193,0.0,0.0,INF,INF,INF,0.0,0.0,0.011173931881785393,0.0,0.0,,5.278795288177207e-05,0.008384142071008682,2.132523150066845e-05,LAMBDA1=OVERRANGE;PHI1=OVERRANGE;LAMBDA2=OVERRANGE;PHI2=OVERRANGE;LAMBDA3=OVERRANGE;PHI3=OVERRANGE;FU3=OVERRANGE;LAMBDASIGMA=NO_DATA
2026-08-17T10:21:20.281+02:00,17.000,18,144,0.0,0.0,0.006303856149315834,0.0,0.0,INF,INF,0.0,0.0,0.005114566069096327,0.0,0.0,INF,INF,0.0,0.0,0.006865689996629953,0.0,0.0,INF,INF,INF,0.0,0.0,0.011418422684073448,0.0,0.0,,6.451713852584362e-05,0.00814150646328926,3.6960824218112975e-05,LAMBDA1=OVERRANGE;PHI1=OVERRANGE;LAMBDA2=OVERRANGE;PHI2=OVERRANGE;LAMBDA3=OVERRANGE;PHI3=OVERRANGE;FU3=OVERRANGE;LAMBDASIGMA=NO_DATA
2026-08-17T10:21:21.276+02:00,18.001,19,144,0.0,0.0,0.006129687186330557,0.0,0.0,INF,INF,0.0,0.0,0.005359977018088102,0.0,0.0,INF,INF,0.0,0.0,0.006287722382694483,0.0,0.0,INF,INF,INF,0.0,0.0,0.01148966420441866,0.0,0.0,,6.227230187505484e-05,0.008393717929720879,1.8096792700816877e-05,LAMBDA1=OVERRANGE;PHI1=OVERRANGE;LAMBDA2=OVERRANGE;PHI2=OVERRANGE;LAMBDA3=OVERRANGE;PHI3=OVERRANGE;FU3=OVERRANGE;LAMBDASIGMA=NO_DATA
2026-08-17T10:21:22.276+02:00,19.001,20,144,0.0,0.0,0.005886174738407135,0.0,0.0,INF,INF,0.0,0.0,0.005524771753698587,0.0,0.0,INF,INF,0.0,0.0,0.00789525918662548,0.0,0.0,INF,INF,INF,0.0,0.0,0.011410946026444435,0.0,0.0,,6.057906284695491e-05,0.007568614091724157,2.0638713976950385e-05,LAMBDA1=OVERRANGE;PHI1=OVERRANGE;LAMBDA2=OVERRANGE;PHI2=OVERRANGE;LAMBDA3=OVERRANGE;PHI3=OVERRANGE;FU3=OVERRANGE;LAMBDASIGMA=NO_DATA
2026-08-17T10:21:23.282+02:00,20.000,21,144,0.0,0.0,0.006615961901843548,0.0,0.0,INF,INF,0.0,0.0,0.0055791172198951244,0.0,0.0,INF,INF,0.0,0.0,0.007679428905248642,0.0,0.0,INF,INF,INF,0.0,0.0,0.012195078656077385,0.0,0.0,,4.933088712277822e-05,0.007861635647714138,2.9971655749250203e-05,LAMBDA1=OVERRANGE;PHI1=OVERRANGE;LAMBDA2=OVERRANGE;PHI2=OVERRANGE;LAMBDA3=OVERRANGE;PHI3=OVERRANGE;FU3=OVERRANGE;LAMBDASIGMA=NO_DATA
2026-08-17T10:21:24.276+02:00,21.000,22,144,0.0,0.0,0.005307263229042292,0.0,0.0,INF,INF,0.0,0.0,0.005379925016313791,0.0,0.0,INF,INF,0.0,0.0,0.006657823454588652,0.0,0.0,INF,INF,INF,0.0,0.0,0.010687188245356083,0.0,0.0,,6.56962365610525e-05,0.007819002494215965,2.9285105483722873e-05,LAMBDA1=OVERRANGE;PHI1=OVERRANGE;LAMBDA2=OVERRANGE;PHI2=OVERRANGE;LAMBDA3=OVERRANGE;PHI3=OVERRANGE;FU3=OVERRANGE;LAMBDASIGMA=NO_DATA
2026-08-17T10:21:25.277+02:00,22.001,23,144,0.0,0.0,0.00718678766861558,0.0,0.0,INF,INF,0.0,0.0,0.0051245661452412605,0.0,0.0,INF,INF,0.0,0.0,0.007464922033250332,0.0,0.0,INF,INF,INF,0.0,0.0,0.012311354279518127,0.0,0.0,,6.91702080075629e-05,0.007950777187943459,1.4646557247033343e-05,LAMBDA1=OVERRANGE;PHI1=OVERRANGE;LAMBDA2=OVERRANGE;PHI2=OVERRANGE;LAMBDA3=OVERRANGE;PHI3=OVERRANGE;FU3=OVERRANGE;LAMBDASIGMA=NO_DATA
2026-08-17T10:21:26.282+02:00,23.000,24,144,0.0,0.0,0.0047711874358356,0.0,0.0,INF,INF,0.0,0.0,0.005381304305046797,0.0,0.0,INF,INF,0.0,0.0,0.007219464052468538,0.0,0.0,INF,INF,INF,0.0,0.0,0.010152491740882397,0.0,0.0,,8.038480154937133e-05,0.007920159958302975,3.160375126753934e-05,LAMBDA1=OVERRANGE;PHI1=OVERRANGE;LAMBDA2=OVERRANGE;PHI2=OVERRANGE;LAMBDA3=OVERRANGE;PHI3=OVERRANGE;FU3=OVERRANGE;LAMBDASIGMA=NO_DATA
2026-08-17T10:21:27.276+02:00,24.000,25,144,0.0,0.0,0.007387926336377859,0.0,0.0,INF,INF,0.0,0.0,0.005451930221170187,0.0,0.0,INF,INF,0.0,0.0,0.0063170092180371284,0.0,0.0,INF,INF,INF,0.0,0.0,0.012839856557548046,0.0,0.0,,6.56086194794625e-05,0.008179503493010998,2.9585031370515935e-05,LAMBDA1=OVERRANGE;PHI1=OVERRANGE;LAMBDA2=OVERRANGE;PHI2=OVERRANGE;LAMBDA3=OVERRANGE;PHI3=OVERRANGE;FU3=OVERRANGE;LAMBDASIGMA=NO_DATA
2026-08-17T10:21:28.277+02:00,25.000,26,144,0.0,0.0,0.004988504573702812,0.0,0.0,INF,INF,0.0,0.0,0.005721705965697765,0.0,0.0,INF,INF,0.0,0.0,0.007548772729933262,0.0,0.0,INF,INF,INF,0.0,0.0,0.010710210539400578,0.0,0.0,,4.9295496864942834e-05,0.008019037544727325,1.7659149307291955e-05,LAMBDA1=OVERRANGE;PHI1=OVERRANGE;LAMBDA2=OVERRANGE;PHI2=OVERRANGE;LAMBDA3=OVERRANGE;PHI3=OVERRANGE;FU3=OVERRANGE;LAMBDASIGMA=NO_DATA
2026-08-17T10:21:29.282+02:00,26.000,27,144,0.0,0.0,0.007107190787792206,0.0,0.0,INF,INF,0.0,0.0,0.0051895007491111755,0.0,0.0,INF,INF,0.0,0.0,0.008129824884235859,0.0,0.0,INF,INF,INF,0.0,0.0,0.012296691536903381,0.0,0.0,,5.626020356430672e-05,0.008207873441278934,2.1664767700713128e-05,LAMBDA1=OVERRANGE;PHI1=OVERRANGE;LAMBDA2=OVERRANGE;PHI2=OVERRANGE;LAMBDA3=OVERRANGE;PHI3=OVERRANGE;FU3=OVERRANGE;LAMBDASIGMA=NO_DATA
2026-08-17T10:21:30.277+02:00,27.001,28,144,0.0,0.0,0.0053726681508123875,0.0,0.0,INF,INF,0.0,0.0,0.005254958290606737,0.0,0.0,INF,INF,0.0,0.0,0.006486734841018915,0.0,0.0,INF,INF,INF,0.0,0.0,0.010627626441419125,0.0,0.0,,7.030399137875065e-05,0.008515344001352787,3.270757952122949e-05,LAMBDA1=OVERRANGE;PHI1=OVERRANGE;LAMBDA2=OVERRANGE;PHI2=OVERRANGE;LAMBDA3=OVERRANGE;PHI3=OVERRANGE;FU3=OVERRANGE;LAMBDASIGMA=NO_DATA
2026-08-17T10:21:31.277+02:00,28.001,29,144,0.0,0.0,0.006736950483173132,0.0,0.0,INF,INF,0.0,0.0,0.005288582295179367,0.0,0.0,INF,INF,0.0,0.0,0.006591427605599165,0.0,0.0,INF,INF,INF,0.0,0.0,0.012025533244013786,0.0,0.0,,3.322930569993332e-05,0.008276401087641716,1.2863498341175728e-05,LAMBDA1=OVERRANGE;PHI1=OVERRANGE;LAMBDA2=OVERRANGE;PHI2=OVERRANGE;LAMBDA3=OVERRANGE;PHI3=OVERRANGE;FU3=OVERRANGE;LAMBDASIGMA=NO_DATA
2026-08-17T10:21:32.282+02:00,29.001,30,144,0.0,0.0,0.005829541943967342,0.0,0.0,INF,INF,0.0,0.0,0.005507525056600571,0.0,0.0,INF,INF,0.0,0.0,0.008060605265200138,0.0,0.0,INF,INF,INF,0.0,0.0,0.011337067000567913,0.0,0.0,,3.13077871396672e-05,0.008382492698729038,1.8919048670795746e-05,LAMBDA1=OVERRANGE;PHI1=OVERRANGE;LAMBDA2=OVERRANGE;PHI2=OVERRANGE;LAMBDA3=OVERRANGE;PHI3=OVERRANGE;FU3=OVERRANGE;LAMBDASIGMA=NO_DATA
2026-08-17T10:21:33.277+02:00,30.001,31,144,0.0,0.0,0.0061952886171638966,0.0,0.0,INF,INF,0.0,0.0,0.005611118860542774,0.0,0.0,INF,INF,0.0,0.0,0.0073173935525119305,0.0,0.0,INF,INF,INF,0.0,0.0,0.011806407943367958,0.0,0.0,,3.9794089389033616e-05,0.00923339556902647,1.9567325580283068e-05,LAMBDA1=OVERRANGE;PHI1=OVERRANGE;LAMBDA2=OVERRANGE;PHI2=OVERRANGE;LAMBDA3=OVERRANGE;PHI3=OVERRANGE;FU3=OVERRANGE;LAMBDASIGMA=NO_DATA
2026-08-17T10:21:34.276+02:00,31.000,32,144,0.0,0.0,0.006525940727442503,0.0,0.0,INF,INF,0.0,0.0,0.005326223559677601,0.0,0.0,INF,INF,0.0,0.0,0.006911894306540489,0.0,0.0,INF,INF,INF,0.0,0.0,0.011852163821458817,0.0,0.0,,2.2185062334756367e-05,0.008369788527488708,1.634213731449563e-05,LAMBDA1=OVERRANGE;PHI1=OVERRANGE;LAMBDA2=OVERRANGE;PHI2=OVERRANGE;LAMBDA3=OVERRANGE;PHI3=OVERRANGE;FU3=OVERRANGE;LAMBDASIGMA=NO_DATA
2026-08-17T10:21:35.282+02:00,32.000,33,144,0.0,0.0,0.005548379383981228,0.0,0.0,INF,INF,0.0,0.0,0.005150049924850464,0.0,0.0,INF,INF,0.0,0.0,0.007798905950039625,0.0,0.0,INF,INF,INF,0.0,0.0,0.010698429308831692,0.0,0.0,,-1.7193442545249127e-05,0.008503256365656853,2.674433062566095e-06,LAMBDA1=OVERRANGE;PHI1=OVERRANGE;LAMBDA2=OVERRANGE;PHI2=OVERRANGE;LAMBDA3=OVERRANGE;PHI3=OVERRANGE;FU3=OVERRANGE;LAMBDASIGMA=NO_DATA
2026-08-17T10:21:36.277+02:00,33.001,34,144,0.0,0.0,0.007077348418533802,0.0,0.0,INF,INF,0.0,0.0,0.005240234546363354,0.0,0.0,INF,INF,0.0,0.0,0.006857278291136026,0.0,0.0,INF,INF,INF,0.0,0.0,0.012317582964897156,0.0,0.0,,-1.540810080769006e-05,0.008892360143363476,3.1038798624649644e-05,LAMBDA1=OVERRANGE;PHI1=OVERRANGE;LAMBDA2=OVERRANGE;PHI2=OVERRANGE;LAMBDA3=OVERRANGE;PHI3=OVERRANGE;FU3=OVERRANGE;LAMBDASIGMA=NO_DATA
2026-08-17T10:21:37.277+02:00,34.000,35,144,0.0,0.0,0.005167439579963684,0.0,0.0,INF,INF,0.0,0.0,0.005670772399753332,0.0,0.0,INF,INF,0.0,0.0,0.00652129715308547,0.0,0.0,INF,INF,INF,0.0,0.0,0.010838212445378304,0.0,0.0,,6.733495865773875e-06,0.008496466092765331,1.5467367120436393e-05,LAMBDA1=OVERRANGE;PHI1=OVERRANGE;LAMBDA2=OVERRANGE;PHI2=OVERRANGE;LAMBDA3=OVERRANGE;PHI3=OVERRANGE;FU3=OVERRANGE;LAMBDASIGMA=NO_DATA
2026-08-17T10:21:38.282+02:00,35.000,36,144,0.0,0.0,0.007296966854482889,0.0,0.0,INF,INF,0.0,0.0,0.0054726977832615376,0.0,0.0,INF,INF,0.0,0.0,0.008125055581331253,0.0,0.0,INF,INF,INF,0.0,0.0,0.012769664637744427,0.0,0.0,,-3.0842343221593183e-06,0.00902512762695551,1.764194712450262e-05,LAMBDA1=OVERRANGE;PHI1=OVERRANGE;LAMBDA2=OVERRANGE;PHI2=OVERRANGE;LAMBDA3=OVERRANGE;PHI3=OVERRANGE;FU3=OVERRANGE;LAMBDASIGMA=NO_DATA
2026-08-17T10:21:39.277+02:00,36.001,37,144,0.0,0.0,0.004903956316411495,0.0,0.0,INF,INF,0.0,0.0,0.005496084690093994,0.0,0.0,INF,INF,0.0,0.0,0.00777311809360981,0.0,0.0,INF,INF,INF,0.0,0.0,0.01040004100650549,0.0,0.0,,-1.647060526011046e-05,0.008782721124589443,2.196302193624433e-05,LAMBDA1=OVERRANGE;PHI1=OVERRANGE;LAMBDA2=OVERRANGE;PHI2=OVERRANGE;LAMBDA3=OVERRANGE;PHI3=OVERRANGE;FU3=OVERRANGE;LAMBDASIGMA=NO_DATA
2026-08-17T10:21:40.277+02:00,37.001,38,144,0.0,0.0,0.00739953201264143,0.0,0.0,INF,INF,0.0,0.0,0.004970579408109188,0.0,0.0,INF,INF,0.0,0.0,0.006155869923532009,0.0,0.0,INF,INF,INF,0.0,0.0,0.012370111420750618,0.0,0.0,,1.4706957699672785e-05,0.008895807899534702,3.899462899425998e-05,LAMBDA1=OVERRANGE;PHI1=OVERRANGE;LAMBDA2=OVERRANGE;PHI2=OVERRANGE;LAMBDA3=OVERRANGE;PHI3=OVERRANGE;FU3=OVERRANGE;LAMBDASIGMA=NO_DATA
2026-08-17T10:21:41.283+02:00,38.001,39,144,0.0,0.0,0.005103329662233591,0.0,0.0,INF,INF,0.0,0.0,0.005454367958009243,0.0,0.0,INF,INF,0.0,0.0,0.007152254227548838,0.0,0.0,INF,INF,INF,0.0,0.0,0.010557698085904121,0.0,0.0,,4.003070898761507e-06,0.008715705014765263,1.0126755114470143e-05,LAMBDA1=OVERRANGE;PHI1=OVERRANGE;LAMBDA2=OVERRANGE;PHI2=OVERRANGE;LAMBDA3=OVERRANGE;PHI3=OVERRANGE;FU3=OVERRANGE;LAMBDASIGMA=NO_DATA
2026-08-17T10:21:42.277+02:00,39.001,40,144,0.0,0.0,0.006852021906524897,0.0,0.0,INF,INF,0.0,0.0,0.005402757320553064,0.0,0.0,INF,INF,0.0,0.0,0.007667989935725927,0.0,0.0,INF,INF,INF,0.0,0.0,0.012254779227077961,0.0,0.0,,-6.782749551348388e-06,0.008534821681678295,3.602965080062859e-05,LAMBDA1=OVERRANGE;PHI1=OVERRANGE;LAMBDA2=OVERRANGE;PHI2=OVERRANGE;LAMBDA3=OVERRANGE;PHI3=OVERRANGE;FU3=OVERRANGE;LAMBDASIGMA=NO_DATA
2026-08-17T10:21:43.277+02:00,40.000,41,144,0.0,0.0,0.005746434908360243,0.0,0.0,INF,INF,0.0,0.0,0.0058062258176505566,0.0,0.0,INF,INF,0.0,0.0,0.006789216306060553,0.0,0.0,INF,INF,INF,0.0,0.0,0.0115526607260108,0.0,0.0,,3.553507849574089e-05,0.008485098369419575,2.4809789465507492e-05,LAMBDA1=OVERRANGE;PHI1=OVERRANGE;LAMBDA2=OVERRANGE;PHI2=OVERRANGE;LAMBDA3=OVERRANGE;PHI3=OVERRANGE;FU3=OVERRANGE;LAMBDASIGMA=NO_DATA
2026-08-17T10:21:44.283+02:00,41.001,42,144,0.0,0.0,0.006222308147698641,0.0,0.0,INF,INF,0.0,0.0,0.005214708391577005,0.0,0.0,INF,INF,0.0,0.0,0.00749158812686801,0.0,0.0,INF,INF,INF,0.0,0.0,0.011437016539275646,0.0,0.0,,3.373099389136769e-05,0.00867198035120964,2.7194810172659345e-05,LAMBDA1=OVERRANGE;PHI1=OVERRANGE;LAMBDA2=OVERRANGE;PHI2=OVERRANGE;LAMBDA3=OVERRANGE;PHI3=OVERRANGE;FU3=OVERRANGE;LAMBDASIGMA=NO_DATA
2026-08-17T10:21:45.278+02:00,42.001,43,144,0.0,0.0,0.006312173791229725,0.0,0.0,INF,INF,0.0,0.0,0.005284750834107399,0.0,0.0,INF,INF,0.0,0.0,0.007752552162855864,0.0,0.0,INF,INF,INF,0.0,0.0,0.011596924625337124,0.0,0.0,,-2.5197043214575388e-05,0.008443960919976234,2.0016650523757562e-05,LAMBDA1=OVERRANGE;PHI1=OVERRANGE;LAMBDA2=OVERRANGE;PHI2=OVERRANGE;LAMBDA3=OVERRANGE;PHI3=OVERRANGE;FU3=OVERRANGE;LAMBDASIGMA=NO_DATA
2026-08-17T10:21:46.277+02:00,43.000,44,144,0.0,0.0,0.005787770263850689,0.0,0.0,INF,INF,0.0,0.0,0.005319626536220312,0.0,0.0,INF,INF,0.0,0.0,0.006167795043438673,0.0,0.0,INF,INF,INF,0.0,0.0,0.011107396334409714,0.0,0.0,,5.554491053771926e-06,0.008298203349113464,3.777272650040686e-05,LAMBDA1=OVERRANGE;PHI1=OVERRANGE;LAMBDA2=OVERRANGE;PHI2=OVERRANGE;LAMBDA3=OVERRANGE;PHI3=OVERRANGE;FU3=OVERRANGE;LAMBDASIGMA=NO_DATA
2026-08-17T10:21:47.283+02:00,44.000,45,144,0.0,0.0,0.00678259739652276,0.0,0.0,INF,INF,0.0,0.0,0.005602213088423014,0.0,0.0,INF,INF,0.0,0.0,0.0070919557474553585,0.0,0.0,INF,INF,INF,0.0,0.0,0.012384810484945774,0.0,0.0,,2.0423422029125504e-05,0.00804699957370758,1.2502838217187673e-05,LAMBDA1=OVERRANGE;PHI1=OVERRANGE;LAMBDA2=OVERRANGE;PHI2=OVERRANGE;LAMBDA3=OVERRANGE;PHI3=OVERRANGE;FU3=OVERRANGE;LAMBDASIGMA=NO_DATA
2026-08-17T10:21:48.282+02:00,45.000,46,144,0.0,0.0,0.005428637377917767,0.0,0.0,INF,INF,0.0,0.0,0.005755933467298746,0.0,0.0,INF,INF,0.0,0.0,0.008369321934878826,0.0,0.0,INF,INF,INF,0.0,0.0,0.0111845713108778,0.0,0.0,,-3.5248913263785653e-06,0.007647659629583359,2.9847205951227807e-05,LAMBDA1=OVERRANGE;PHI1=OVERRANGE;LAMBDA2=OVERRANGE;PHI2=OVERRANGE;LAMBDA3=OVERRANGE;PHI3=OVERRANGE;FU3=OVERRANGE;LAMBDASIGMA=NO_DATA
2026-08-17T10:21:49.278+02:00,46.001,47,144,0.0,0.0,0.007279242388904095,0.0,0.0,INF,INF,0.0,0.0,0.00535786896944046,0.0,0.0,INF,INF,0.0,0.0,0.007058299612253904,0.0,0.0,INF,INF,INF,0.0,0.0,0.012637111358344555,0.0,0.0,,-5.848013188369805e-06,0.0077188098803162575,2.824724288075231e-05,LAMBDA1=OVERRANGE;PHI1=OVERRANGE;LAMBDA2=OVERRANGE;PHI2=OVERRANGE;LAMBDA3=OVERRANGE;PHI3=OVERRANGE;FU3=OVERRANGE;LAMBDASIGMA=NO_DATA
2026-08-17T10:21:50.283+02:00,47.000,48,144,0.0,0.0,0.004878047853708267,0.0,0.0,INF,INF,0.0,0.0,0.005226606503129005,0.0,0.0,INF,INF,0.0,0.0,0.006845328491181135,0.0,0.0,INF,INF,INF,0.0,0.0,0.010104654356837273,0.0,0.0,,2.2586502836929867e-06,0.00828999001532793,2.5553641535225324e-05,LAMBDA1=OVERRANGE;PHI1=OVERRANGE;LAMBDA2=OVERRANGE;PHI2=OVERRANGE;LAMBDA3=OVERRANGE;PHI3=OVERRANGE;FU3=OVERRANGE;LAMBDASIGMA=NO_DATA
2026-08-17T10:21:51.277+02:00,48.000,49,144,0.0,0.0,0.007566001731902361,0.0,0.0,INF,INF,0.0,0.0,0.005291517823934555,0.0,0.0,INF,INF,0.0,0.0,0.007694397121667862,0.0,0.0,INF,INF,INF,0.0,0.0,0.012857519090175629,0.0,0.0,,-2.5098839614656754e-05,0.008405144326388836,2.08955752896145e-05,LAMBDA1=OVERRANGE;PHI1=OVERRANGE;LAMBDA2=OVERRANGE;PHI2=OVERRANGE;LAMBDA3=OVERRANGE;PHI3=OVERRANGE;FU3=OVERRANGE;LAMBDASIGMA=NO_DATA
2026-08-17T10:21:52.277+02:00,49.000,50,144,0.0,0.0,0.00506249163299799,0.0,0.0,INF,INF,0.0,0.0,0.005556638352572918,0.0,0.0,INF,INF,0.0,0.0,0.006831140257418156,0.0,0.0,INF,INF,INF,0.0,0.0,0.010619129985570908,0.0,0.0,,-1.423389130650321e-05,0.00848900992423296,3.395662861294113e-05,LAMBDA1=OVERRANGE;PHI1=OVERRANGE;LAMBDA2=OVERRANGE;PHI2=OVERRANGE;LAMBDA3=OVERRANGE;PHI3=OVERRANGE;FU3=OVERRANGE;LAMBDASIGMA=NO_DATA
2026-08-17T10:21:53.283+02:00,50.001,51,144,0.0,0.0,0.007159415166825056,0.0,0.0,INF,INF,0.0,0.0,0.0055862669833004475,0.0,0.0,INF,INF,0.0,0.0,0.007125894073396921,0.0,0.0,INF,INF,INF,0.0,0.0,0.012745682150125504,0.0,0.0,,-2.738670673352317e-06,0.008242512121796608,2.0759522158186883e-05,LAMBDA1=OVERRANGE;PHI1=OVERRANGE;LAMBDA2=OVERRANGE;PHI2=OVERRANGE;LAMBDA3=OVERRANGE;PHI3=OVERRANGE;FU3=OVERRANGE;LAMBDASIGMA=NO_DATA
2026-08-17T10:21:54.278+02:00,51.000,52,144,0.0,0.0,0.00568723538890481,0.0,0.0,INF,INF,0.0,0.0,0.005427275784313679,0.0,0.0,INF,INF,0.0,0.0,0.008367798291146755,0.0,0.0,INF,INF,INF,0.0,0.0,0.011114511638879776,0.0,0.0,,6.933248641871614e-06,0.007882204838097095,1.9827974028885365e-05,LAMBDA1=OVERRANGE;PHI1=OVERRANGE;LAMBDA2=OVERRANGE;PHI2=OVERRANGE;LAMBDA3=OVERRANGE;PHI3=OVERRANGE;FU3=OVERRANGE;LAMBDASIGMA=NO_DATA
2026-08-17T10:21:55.278+02:00,52.000,53,144,0.0,0.0,0.006573930382728577,0.0,0.0,INF,INF,0.0,0.0,0.005146219860762358,0.0,0.0,INF,INF,0.0,0.0,0.007002918981015682,0.0,0.0,INF,INF,INF,0.0,0.0,0.011720150709152222,0.0,0.0,,3.150754082525964e-06,0.008135543204843998,3.252542592235841e-05,LAMBDA1=OVERRANGE;PHI1=OVERRANGE;LAMBDA2=OVERRANGE;PHI2=OVERRANGE;LAMBDA3=OVERRANGE;PHI3=OVERRANGE;FU3=OVERRANGE;LAMBDASIGMA=NO_DATA
2026-08-17T10:21:56.284+02:00,53.001,54,144,0.0,0.0,0.006126927677541971,0.0,0.0,INF,INF,0.0,0.0,0.005235822405666113,0.0,0.0,INF,INF,0.0,0.0,0.006249093450605869,0.0,0.0,INF,INF,INF,0.0,0.0,0.011362750083208084,0.0,0.0,,5.360181239666417e-05,0.007636203430593014,1.639533365960233e-05,LAMBDA1=OVERRANGE;PHI1=OVERRANGE;LAMBDA2=OVERRANGE;PHI2=OVERRANGE;LAMBDA3=OVERRANGE;PHI3=OVERRANGE;FU3=OVERRANGE;LAMBDASIGMA=NO_DATA
2026-08-17T10:21:57.286+02:00,54.000,55,144,0.0,0.0,0.006171463057398796,0.0,0.0,INF,INF,0.0,0.0,0.005574499722570181,0.0,0.0,INF,INF,0.0,0.0,0.007739206776022911,0.0,0.0,INF,INF,INF,0.0,0.0,0.011745963245630264,0.0,0.0,,2.2070182239986025e-05,0.008124217391014099,2.1258092601783574e-05,LAMBDA1=OVERRANGE;PHI1=OVERRANGE;LAMBDA2=OVERRANGE;PHI2=OVERRANGE;LAMBDA3=OVERRANGE;PHI3=OVERRANGE;FU3=OVERRANGE;LAMBDASIGMA=NO_DATA
2026-08-17T10:21:58.278+02:00,55.000,56,144,0.0,0.0,0.0065761893056333065,0.0,0.0,INF,INF,0.0,0.0,0.0056230961345136166,0.0,0.0,INF,INF,0.0,0.0,0.007312336936593056,0.0,0.0,INF,INF,INF,0.0,0.0,0.012199285440146923,0.0,0.0,,4.74730804853607e-05,0.00735645042732358,2.828943615895696e-05,LAMBDA1=OVERRANGE;PHI1=OVERRANGE;LAMBDA2=OVERRANGE;PHI2=OVERRANGE;LAMBDA3=OVERRANGE;PHI3=OVERRANGE;FU3=OVERRANGE;LAMBDASIGMA=NO_DATA
2026-08-17T10:21:59.291+02:00,56.001,57,144,0.0,0.0,0.005582182668149471,0.0,0.0,INF,INF,0.0,0.0,0.005521696526557207,0.0,0.0,INF,INF,0.0,0.0,0.006976075936108828,0.0,0.0,INF,INF,INF,0.0,0.0,0.011103879660367966,0.0,0.0,,3.068602745770477e-05,0.007978391833603382,2.2070542399887927e-05,LAMBDA1=OVERRANGE;PHI1=OVERRANGE;LAMBDA2=OVERRANGE;PHI2=OVERRANGE;LAMBDA3=OVERRANGE;PHI3=OVERRANGE;FU3=OVERRANGE;LAMBDASIGMA=NO_DATA
2026-08-17T10:22:00.278+02:00,57.000,58,144,0.0,0.0,0.007196779828518629,0.0,0.0,INF,INF,0.0,0.0,0.005177664570510387,0.0,0.0,INF,INF,0.0,0.0,0.00783968809992075,0.0,0.0,INF,INF,INF,0.0,0.0,0.01237444393336773,0.0,0.0,,2.4951175873866305e-05,0.007632353808730841,1.4363804439199157e-05,LAMBDA1=OVERRANGE;PHI1=OVERRANGE;LAMBDA2=OVERRANGE;PHI2=OVERRANGE;LAMBDA3=OVERRANGE;PHI3=OVERRANGE;FU3=OVERRANGE;LAMBDASIGMA=NO_DATA
2026-08-17T10:22:01.278+02:00,58.001,59,144,0.0,0.0,0.004985850304365158,0.0,0.0,INF,INF,0.0,0.0,0.005172381177544594,0.0,0.0,INF,INF,0.0,0.0,0.006872336845844984,0.0,0.0,INF,INF,INF,0.0,0.0,0.010158231481909752,0.0,0.0,,2.3515804059570655e-05,0.007333485409617424,3.402157381060533e-05,LAMBDA1=OVERRANGE;PHI1=OVERRANGE;LAMBDA2=OVERRANGE;PHI2=OVERRANGE;LAMBDA3=OVERRANGE;PHI3=OVERRANGE;FU3=OVERRANGE;LAMBDASIGMA=NO_DATA
2026-08-17T10:22:02.284+02:00,59.000,60,144,0.0,0.0,0.007576312869787216,0.0,0.0,INF,INF,0.0,0.0,0.005361940711736679,0.0,0.0,INF,INF,0.0,0.0,0.006255897227674723,0.0,0.0,INF,INF,INF,0.0,0.0,0.012938253581523895,0.0,0.0,,3.4126656828448176e-05,0.007848754525184631,1.4106906746746972e-05,LAMBDA1=OVERRANGE;PHI1=OVERRANGE;LAMBDA2=OVERRANGE;PHI2=OVERRANGE;LAMBDA3=OVERRANGE;PHI3=OVERRANGE;FU3=OVERRANGE;LAMBDASIGMA=NO_DATA
